neuron_name,neuron_volume,neuron_area,soma_radius,soma_area,soma_volume,soma_va_ratio,neurite_length,avg_stem_length,max_euc_distance,max_path_distance,avg_euc_distance,avg_path_distance,max_contraction,avg_contraction,number_stems,neuron_va_ratio,neurite_volume,neurite_area,neurite_va_ratio,neurite_fraction_V,neurite_fraction_A,neurite_radius_V,neurite_radius_A,neurite_irregularity,soma_neurite_va_ratio,soma_fraction_V,soma_fraction_A
1-Human-hcca1-idab1-porta-4-cel16soma-z-corr-1-7,14032.441293,23960.470669,11.3949,1631.6646343183802,6197.551780531501,3.7983,6826.00970631914,620.5463369381035,286.8515497992337,323.19295297744037,160.6909053056121,189.4592078761864,0.9893868266643416,0.8481556906467449,11,0.585649651329894,7834.889512468499,22328.80603468162,0.3508870783462029,0.5583411573848441,0.931901812077948,0.6044467560132275,0.5206174627132258,0.07451067406169443,10.824850028396899,0.44165884261515587,0.06809818792205213
10-Human-hcca1-idab1-porta5-sec1-cel7-soma-z-corr-1-7,20783.393242,35985.406641,10.5324,1394.005710472325,4894.07524832624,3.5108000000000006,8517.28159471802,851.7281594718021,761.1462399492551,810.6807729878584,208.57290939585883,258.82384487600814,0.9388976096521467,0.805848895011113,10,0.5775506012573559,15889.317993673758,34591.40093052768,0.45934300335465983,0.7645199130218988,0.9612619158544102,0.770596778362095,0.6463790571373418,0.08766396582971407,7.643090183936694,0.23548008697810122,0.03873808414558983
11-human-hcca1-idab-1-porta5-sec1-cel8-soma-z-corr-1-7,17863.846218000002,37115.184868000004,11.8108,1752.9458266270276,6901.2308563755005,3.9369333333333336,12167.296604134153,2433.459320826831,467.05241527168135,511.5404030614038,284.387120931161,326.3754722305605,0.9435920763130278,0.8713495502206801,5,0.48130829151283216,10962.615361624503,35362.23904137297,0.31000908479801026,0.6136760934819474,0.9527701173290292,0.5355316026658021,0.4625575693058581,0.07311374114578215,12.699412779785098,0.3863239065180526,0.04722988267097071
12-human-hcca1-idab1-porta5-sec1-cel9-soma-corr1-7z,21936.172796000003,29012.088792000002,12.7444,2041.026539354415,8670.552876049469,4.2481333333333335,6203.605209872712,886.2293156961018,430.8633039865686,463.9374404023157,169.22951982660783,210.25883319058238,0.9756049912608744,0.8048628314854915,7,0.7561045656956915,13265.619919950534,26971.062252645588,0.49184640173559757,0.6047372093262084,0.9296491006219028,0.8250243423683667,0.6919489124028013,0.08772430861718755,8.637113778494221,0.3952627906737915,0.07035089937809724
13-human-hcca1-idab1-porta6-sec1-cel3soma-z-corr-1-7,18823.32631,41017.703699,9.84261,1217.3919292744013,3994.1046589985053,3.2808699999999997,11236.614626424367,1605.230660917767,638.6711271069015,681.9268542802641,228.39751235999933,273.11341267390833,0.9884067542017776,0.836273510421479,7,0.45890736468650506,14829.221651001495,39800.311769725595,0.37259059016420704,0.7878109005167373,0.9703203295287327,0.6481365285871961,0.5637299636363929,0.06965005261918747,8.805563228405914,0.21218909948326264,0.029679670471267287
14-human-hcca1-idab1-porta6-sec1-cel5-soma-corr1-7z,17222.85596,40899.469831,9.70824,1184.379474072389,3832.7467284561762,3.2360799999999994,11861.038551090956,1317.8931723434391,732.3095704610782,796.9895790614881,228.2009992310436,272.032834265874,0.9706268336981706,0.8388729979852695,9,0.4211021813037252,13390.109231543825,39715.09035692761,0.3371541928069201,0.7774616046631458,0.9710416912745728,0.5994538652335589,0.5329088948172178,0.05876647728450302,9.598219654510489,0.22253839533685424,0.02895830872542708
15-human-hcca1-idab1-porta6-sec1-cel7-soma-corr1-7z,15838.068062,27654.884417,9.36022,1100.9864569247118,3435.158484611942,3.120073333333333,7385.3601667546145,1846.3400416886532,391.5592279591939,432.8670334885348,213.09422208880005,275.0429861950223,0.9099431505968182,0.7747669738347853,4,0.5727041857482517,12402.909577388058,26553.89796007529,0.4670843277335879,0.7831074805863565,0.9601883544214738,0.7311407881485723,0.572238052482268,0.12191600071502984,6.679893004487484,0.21689251941364351,0.03981164557852622
16-human-hcca1-idab1-porta6-sec1-cel8-soma-z-corr-1-7,14494.271566,22153.217184999998,10.6349,1421.2703144846207,5038.355889170832,3.5449666666666664,5516.346190421791,501.48601731107186,344.47458983856046,416.27484700477186,174.04558603421847,211.8086774372766,0.9583367541661992,0.8217113110758126,11,0.6542738892035108,9455.915676829169,20731.946870515378,0.4561036035779742,0.6523898516577007,0.9358436157323927,0.7386710904876793,0.5981480694758171,0.10511744985439868,7.772283838271909,0.34761014834229936,0.06415638426760727
17-human-hcca1-idab1-porta6-sec1-cel9-soma-z-corr-1-7,14876.917938999999,30376.031397000002,9.72454,1188.35992617581,3852.084545497903,3.2415133333333332,8910.49984194024,1485.08330699004,569.8819864771225,607.3674636692532,240.9004327162576,283.07089320648447,0.9383411991031892,0.8510250912323014,6,0.489758446209312,11024.833393502096,29187.671470824193,0.3777222655298984,0.7410697187890227,0.9608783678603527,0.6275669266724783,0.5213357582993284,0.09246315615996378,8.58173750701692,0.25893028121097733,0.039121632139647276
18-human-hcca-idab1-porta6-sec1-cel11soma-z-corr-1-7,14740.389191999999,31635.187989,10.158,1296.660499453309,4390.4924511489035,3.3859999999999992,10260.542483991325,1140.0602759990359,425.88267004474886,455.6985047660368,218.7557645756295,259.409320174376,0.9605610971516456,0.8432841365475265,9,0.4659491575370262,10349.896740851094,30338.52748954669,0.3411469704459852,0.702145418688691,0.9590120817393538,0.5666408896618094,0.4705917473295644,0.09260134988699144,9.925340962499078,0.297854581311309,0.040987918260646225
19-human-hcca1-idab2-porta-1-cel-6-soma-z-corr-1-7,12284.261194,23753.919377000002,8.58125,925.3605339795427,2646.9166940706505,2.860416666666666,6390.150195040983,1597.5375487602453,681.4165442827332,725.5090078380554,192.19644460566258,232.92100156988454,0.9392254774524258,0.8251572134340015,4,0.5171467074142878,9637.34449992935,22828.55884302046,0.42216175651735655,0.7845278073895495,0.9610438799891047,0.6928643601832584,0.5685747396595587,0.09853002062421155,6.775641380365217,0.21547219261045047,0.03895612001089527
2-Human-hcca1-idab1-porta4-sec1-cel9-soma-z-corr-1-7,14408.273671,29696.780757,8.6071,930.9440092881728,2670.9093941147444,2.8690333333333333,7918.813805381225,1131.2591150544608,456.32288667126915,474.02876392798754,192.36379292044938,226.74556240102558,0.9626480952126184,0.8483685011671005,7,0.4851796492319708,11737.364276885257,28765.836747711826,0.40803138736504524,0.8146266891438514,0.9686516859552619,0.686879080221478,0.578145316090359,0.08595388709350663,7.031403519863419,0.18537331085614858,0.03134831404473815
20-human-hcca1-idab2-porta1-sec1-cel1-soma-z-corr-1-7,12651.01533,24160.709044,10.2329,1315.8528459846784,4488.330195892206,3.410966666666667,6360.788931027622,636.0788931027622,618.7276551206605,656.2519670274355,180.251787921786,213.61527100740417,0.9490242089434698,0.8438150843416913,10,0.5236193733785192,8162.6851341077945,22844.85619801532,0.3573095432667656,0.6452197646738441,0.9455374904938292,0.6391254235151671,0.5716070486794576,0.05576655155975366,9.546251229343895,0.3547802353261559,0.05446250950617087
20x-human-cing-cx,8149.6882989999995,16903.535126,8.59788,928.9506069782184,2662.3352815752955,2.8659600000000003,4331.0966744530515,721.8494457421755,249.32761368216808,302.181876382797,137.2758950461983,154.95234346797275,0.9755848669209588,0.8859233230930255,6,0.48212922552896287,5487.353017424704,15974.58451902178,0.34350521047296245,0.6733206002612425,0.9450440041060191,0.6350494950673169,0.5870185500679578,0.03930300378162855,8.34327955623713,0.3266793997387575,0.05495599589398093
21-human-hcca1-idab2-porta1-sec1-cel4soma-z-corr-1-7,18529.726335,35510.784864,10.2956,1332.0274859298142,4571.340728046332,3.4318666666666666,8999.914940971774,999.9905489968636,670.4496471108856,773.7457560008291,191.33083318709782,235.26925741530772,0.9607454333165936,0.813241964925966,9,0.5218055981011279,13958.385606953667,34178.757378070186,0.40839359525427515,0.753296910844726,0.9624894946413817,0.7026247715161772,0.6044188440819975,0.07513592221575195,8.403331263140668,0.2467030891552739,0.037510505358618315
22-Human-hcca1-idab2-porta1-sec1-cel5soma-z-corr-1-7,16173.132615,28585.712452,8.99697,1017.1907652803776,3050.5449331681993,2.99899,6288.167686875114,1257.6335373750228,634.2155526142336,681.6230632830311,192.4483851646384,236.46780753816188,0.9427482105204564,0.8138460248276312,5,0.5657767894418334,13122.587681831801,27568.52168671962,0.47599896109602596,0.8113819378232929,0.9644161128749754,0.8150284109946293,0.6977655047806115,0.07751413129786795,6.300412910764729,0.1886180621767071,0.03558388712502458
23-Human-hcca1-idab2-porta1-sec1-cel8-soma-z-corr-1-7,9553.990389,26273.942194,8.59558,928.4536703800612,2660.1992666818155,2.865193333333333,9200.2224327679,1022.2469369742113,341.8835554363178,380.4568999142887,207.66544604544526,243.59627704096852,0.9295298597637804,0.8524984395000405,9,0.3636298777874978,6893.791122318185,25345.488523619937,0.271992828857638,0.7215614462262137,0.9646625670588524,0.4883767272116351,0.43845241928563083,0.05386570773554276,10.534076745210754,0.27843855377378646,0.035337432941147516
24-human-hcca1-idab2-porta1-sec1-cel9soma-z-corr-1-7,15695.317647999998,31465.116046,11.2015,1576.747788192191,5887.313449811608,3.733833333333333,10923.103179279924,1560.4433113257035,457.73477907821007,505.7124517242664,211.62107716727283,262.11891189265566,0.9305998253770266,0.8073476104384907,7,0.49881645518339873,9808.004198188391,29888.368257807808,0.3281545554306473,0.6249000127396716,0.9498890204031956,0.5346165108580455,0.43548810911210284,0.10218320756888366,11.378276703894324,0.37509998726032845,0.050110979596804474
25-human-hcca1-idab2-porta1-sec1-cel11-soma-z-corr-1-7,13710.094155,30116.857569,9.29636,1086.0147673792344,3365.3280809578728,3.098786666666667,8672.782849835376,1445.463808305896,520.9558970243494,566.5022767539041,200.199781456063,244.6250593681837,0.9644005582910832,0.8183944113213008,6,0.455229903172638,10344.766074042127,29030.842801620765,0.3563370910287382,0.7545364719664922,0.9639399706662259,0.6161779664278986,0.5327473561833057,0.07261621673981133,8.696222606859507,0.2454635280335077,0.03606002933377403
26-human-hcca1-idab2-porta1-sec1-cel13soma-z-corr-1-7,18632.940181,38764.410115,9.6113,1160.8447201876966,3719.075619713336,3.2037666666666667,10244.403246937994,1463.4861781339994,714.8766536263441,775.4754223540599,194.79694167422093,233.3714391552887,0.945620751469228,0.8347077190735421,7,0.480671320051635,14913.864561286666,37603.5653948123,0.3966077260148355,0.8004031793379729,0.970053853089886,0.680733037624593,0.5842012625042404,0.07631366712921046,8.077922986671284,0.19959682066202708,0.029946146910113935
27-human-hcca1-idab2-porta4-sec1-cel2-soma-z-corr-1-7,15743.406958000001,24060.427301,11.3623,1622.3418359737298,6144.511547628104,3.787433333333333,7077.385813309442,884.6732266636802,766.8984795337067,817.573685939493,217.1260801315393,260.029692438645,0.9453448608241212,0.8350049492242932,8,0.6543278205763899,9598.895410371897,22438.08546502627,0.4277947610696766,0.6097089045579315,0.9325721935160186,0.6570512681919983,0.5045835156480539,0.13125274368930914,8.853388769565738,0.3902910954420685,0.06742780648398135
28-Human-hcca1-idab2-porta5-sec1-cel1-soma-z-corr-1-7,14266.396215,30552.515052999996,9.11102,1043.1430381960554,3168.0323612883417,3.037006666666666,7885.071674444354,985.6339593055444,553.6241459690862,605.9330227462631,215.6004507000093,264.8682388700149,0.9367236113835241,0.8139913325199252,8,0.4669467043957536,11098.363853711659,29509.37201480394,0.3760962398028651,0.7779374473030966,0.9658573758531336,0.6693476151740186,0.5956271062082195,0.05827824676626326,8.075078517824442,0.22206255269690345,0.034142624146866356
29-human-hcca1-idab2-porta6-sec1-cel1-soma-z-corr-1-7,18968.532249,32030.599749,11.0432,1532.4973748328423,5641.2250032513475,3.681066666666666,8236.663467316279,915.1848297018089,424.4684502999015,440.9212237571569,209.19894234582543,253.31782659699226,0.9692149368351552,0.8258358488076075,9,0.5922003458456065,13327.307245748652,30498.10237416716,0.436988081495762,0.7026008692080671,0.9521552082433085,0.71766308499205,0.5893070376168844,0.09820886120865956,8.423723260521845,0.29739913079193286,0.04784479175669157
3-human-hcca1-idab1-porta4-sec1-cel14soma-z-corr-1-7-REV,12401.085681,21565.888429,10.3261,1339.9312536392074,4612.088039401272,3.4420333333333333,7161.5367058669935,1193.5894509778325,481.58239863784246,508.45780115269065,211.33163561662298,255.05162560831658,0.9471432979218318,0.8285837626503331,6,0.5750324509851428,7788.9976415987285,20225.957175360792,0.3850990869834959,0.6280899787292364,0.937868024401101,0.5883865529022229,0.4494930620946879,0.13382427865484992,8.938045946291345,0.3719100212707636,0.062131975598899054
30-human-hcca1-idab2-porta6-sec1-cel2-soma-z-corr-1-7,20154.779440000002,38885.323468,10.1607,1297.3498967027344,4393.994365142491,3.3869,10213.89941598407,2042.7798831968134,663.3238573276253,738.2676255790312,276.10875704995624,325.40094846235297,0.966162886618294,0.8485185994530079,5,0.5183132771567664,15760.785074857511,37587.97357129727,0.4193039309491448,0.7819874745728058,0.9666365152453891,0.700838898962064,0.5857030259488912,0.08949251538860002,8.077434409768935,0.21801252542719418,0.03336348475461098
31-human-hcca1-idab2-porta-6-sec1-cel3-soma-corr1-7z,12724.579951,20697.987577,10.066,1273.2794097572676,4272.276846205553,3.3553333333333337,5625.990864765536,1125.1981729531074,458.5694985616805,494.8754686570438,186.86636150389225,227.3029188805227,0.9369669039742888,0.8221027799564459,5,0.6147737746803847,8452.303104794446,19424.708167242734,0.43513153618689443,0.6642500685557166,0.9384829368062739,0.6915332773727105,0.5495100147239632,0.11443860464271709,7.711078270116869,0.3357499314442834,0.061517063193726136
32-human-hcca1-idab1-porta4-sec1-cel2-soma-corr1-7z,18051.573754,23010.521364,11.0467,1533.4689393786614,5646.590444211421,3.682233333333333,6349.433863901687,634.9433863901687,316.1775261006245,383.68322566602217,174.78609059269738,210.0636756796072,0.9817550344379014,0.8320624212026271,10,0.7844921663635888,12404.98330978858,21477.05242462134,0.5775924491187385,0.6871967773468943,0.9333579228770638,0.788597968288846,0.538343910605254,0.18859458855286018,6.37514105136156,0.3128032226531057,0.0666420771229363
33-Human-hcca1-idab1-porta4-sec1-cel4-soma-corr1-7z,18836.51395,34306.441494,11.1269,1555.8160017501166,5770.469689957789,3.7089666666666665,8786.394379414625,878.6394379414626,330.0668044502507,399.38971858897276,180.11938801115693,222.30121574680427,0.9475181122886868,0.8102492260605022,10,0.549066388983958,13066.04426004221,32750.62549224988,0.3989555638604265,0.6936551155232314,0.9546494496661153,0.6880052935892582,0.5932381032946842,0.07396501751740012,9.296691167250492,0.30634488447676855,0.04535055033388467
34-human-hcca1-idab1-porta4-sec1-cel8-soma-z-corr-1-7,10884.322259,20036.769814,9.57345,1151.7197408010275,3675.3104508571987,3.1911499999999995,5288.743161614394,1057.7486323228786,287.97170696287355,384.7070624808282,160.29817636097852,195.70823406746757,0.9600778442857808,0.8190671032559524,5,0.5432174127885103,7209.011808142802,18885.05007319897,0.38173114607588937,0.6623298756320664,0.942519689975362,0.6586985291804548,0.5683106511018582,0.07366520115016578,8.359679404744167,0.33767012436793364,0.05748031002463796
35-human-hcca1-idab1-porta4-sec1-cel10-soma-corr1-7z,11407.488043000001,23243.990045,9.64825,1169.7874568526722,3762.1339435262653,3.2160833333333336,6150.228243193031,615.022824319303,264.0235703703575,328.7407488076752,160.31655066981796,192.99097439283736,0.9730070030738028,0.8306945502202093,10,0.490771507857097,7645.354099473736,22074.202588147327,0.34634791761759426,0.6702048751359568,0.9496735519767483,0.6290399808138499,0.5712338335742138,0.048160800099690176,9.285701370620739,0.3297951248640432,0.050326448023251695
36-human-hcca1-idab1-porta4-sec1-cel12-S_soma-z-corr-1-7,14049.666213,21937.497646,10.7681,1457.0955241151366,5230.050104408068,3.589366666666667,6712.673211970363,1118.778868661727,321.2258311531002,481.8843379564568,169.79010524700467,239.36879641774436,0.9494814114963782,0.7093243053730717,6,0.6404406938164054,8819.616108591932,20480.402121884865,0.4306368623088461,0.6277455972890829,0.9335796840812053,0.6466989443555422,0.4855825885274913,0.14229354727513202,8.335019550863317,0.37225440271091714,0.06642031591879477
37-Human-hcca1-idab1-porta4-sec1-cel15-soma-z-corr-1-7,15232.141178999998,26885.808392000003,11.2855,1600.4845061766189,6020.755964818745,3.7618333333333336,8259.113350868456,825.9113350868455,450.48459898449613,471.2430272233028,212.37186301644257,257.3162787108548,0.9741078806393036,0.8253339589722728,10,0.5665494954405906,9211.385214181253,25285.323885823385,0.36429769520752553,0.6047334452808681,0.9404710290707551,0.5958278824628639,0.48725379022497667,0.10024552623851832,10.32626168878277,0.3952665547191319,0.05952897092924498
38-human-hcca1-idab1-porta5-sec1-cel1-soma-corr1-7z,27783.756542000003,62848.419371,12.392000000000001,1929.7127819816965,7971.000264772395,4.1306666666666665,17604.46788954328,1956.0519877270312,549.5818122597096,597.0140128625012,256.00376022465883,297.0757081106857,0.9495752572552096,0.8617458554681822,9,0.44207566109164864,19812.756277227607,60918.70658901831,0.32523271399854725,0.71310574030107,0.9692957627050185,0.5985301895839801,0.5507416265711745,0.04158160179432605,12.700649377741001,0.28689425969893,0.030704237294981507
39-Human-hcca1-idab1-porta5-sec1-cel3-soma-z-corr-1-7,16925.454266999997,33843.745113,10.4403,1369.7326890697198,4766.806731231532,3.4801,9461.007670231123,1182.6259587788907,534.3095239652761,562.6196471713217,214.57084886444312,253.83298617532742,0.9706240706587396,0.8453229507225466,8,0.5001058307964452,12158.647535768465,32474.01242393028,0.37441161803610973,0.7183646207637983,0.9595277448019907,0.639586076608716,0.5462842626751476,0.07867792189651401,9.294850459646703,0.28163537923620163,0.04047225519800941
4-Human-hcca1-idab1-porta-5-cel10-soma-z-corr-1-7,12623.32036,20826.101416999998,11.4644,1651.6290956054247,6311.645534552944,3.821466666666667,6930.213583975252,866.2766979969065,373.7720967083789,392.97122945613364,178.65423319322898,210.47291002347015,0.9511436682672009,0.8488229348532643,8,0.6061297843145906,6311.674825447056,19174.472321394573,0.32917071821604127,0.5000011601897629,0.920694273856881,0.5384235684008342,0.44034891769932694,0.10020168332712094,11.609376093284709,0.4999988398102371,0.07930572614311901
40-Human-hcca1-idab1-porta5-sec1-cel12-soma-z-corr-1-7,13544.008008,22399.702241,9.91032,1234.199084167828,4077.1026226033705,3.30344,5311.9618141339115,531.1961814133912,306.6612830143381,323.165486633819,153.29462157440932,181.85483783512592,0.9756612276753296,0.8429504730217294,10,0.6046512521585801,9466.90538539663,21165.503156832172,0.44727995905642987,0.698973699646725,0.9449010941802266,0.7531849090183785,0.6341526103357706,0.08579909144100804,7.385620422092801,0.30102630035327504,0.05509890581977348
41-Human-hcca1-idab1-porta6-sec1-cel1Ssoma-z-corr-1-7,13398.589712,29655.502493,8.81373,976.1787476251601,2867.925304435433,2.93791,10892.735399400148,1089.2735399400149,804.464485080327,852.3975351408958,268.3428002161156,320.7390087636863,0.9517316918212948,0.8366391143081223,10,0.4518078800102158,10530.664407564567,28679.32374537484,0.3671866359562563,0.7859531961138513,0.9670827109452763,0.5547336016544117,0.4190367222966359,0.13935203817589062,8.00113542353976,0.21404680388614866,0.03291728905472369
42-human-hcca1-idab1-porta6-sec1-cel10-soma-z-corr-1-7,10869.649098,20378.34547,8.740160000000001,959.950037888456,2796.7056410503887,2.9133866666666663,5674.065055931981,810.5807222759973,257.3019729811647,345.50953801409315,153.16897561230718,193.38694353269824,0.9697351018052132,0.7920336958343265,7,0.5333921300922965,8072.943456949612,19418.395432111545,0.4157368967571676,0.7427050665724823,0.9528936223354518,0.6729671473990165,0.5446771564070487,0.10535916818315821,7.007765462704118,0.2572949334275178,0.04710637766454825
43-human-hcca1-idab2-porta4-sec1-cel3-soma-z-corr-1-7,15671.772619,27538.2937,10.0293,1264.0117427194402,4225.717657085361,3.3431,7843.599736862456,1120.514248123208,467.98998760657264,506.02425098021513,209.4533277701768,255.351010044347,0.9439271903230696,0.8202565078313216,7,0.569090183644893,11446.054961914639,26274.281957280557,0.4356372128656006,0.7303612195111723,0.9540998525003224,0.6815461447572534,0.5331329988753516,0.122183003355157,7.674045975111377,0.26963878048882767,0.045900147499677524
44-human-hcca1-idab2-porta1-sec1-cel2-soma-z-corr-1-7,10873.013584,22620.739956,9.51474,1137.6370159653568,3608.1068070954057,3.17158,7306.985014190614,913.3731267738267,437.6797184522541,492.4002578169466,177.98202352749558,234.80352891433841,0.9379477227252888,0.7580040400177606,8,0.4806656902094843,7264.906776904594,21483.102940034645,0.33816841064267966,0.6681594500714269,0.9497082315530706,0.5625627580159154,0.46792788259704376,0.09183477431932875,9.378699784443203,0.3318405499285731,0.05029176844692943
45-human-hcca1-idab2-porta1-sec1-cel3-soma-z-corr-1-7,14576.704228,34120.29018,8.10481,825.4590634759247,2230.06295741677,2.701603333333334,9692.326798801842,1211.5408498502302,662.2691569982035,715.8661169072568,217.96409855018604,265.3057794769894,0.949341612478952,0.8215580489044363,8,0.4272151306774144,12346.64127058323,33294.83111652408,0.37082756862087357,0.847011853808963,0.9758073844295798,0.6367741930729778,0.5467249569277544,0.0760872841735186,7.285335724581462,0.15298814619103693,0.024192615570420236
46-human-hcca1-idab2-porta1-sec1-cel7-soma-z-corr-1-7,13326.966781000001,36269.52783,8.738339999999999,959.5502907064713,2794.958895763995,2.91278,12179.404501798495,1353.2671668664996,518.5007122892354,568.2778939886946,215.90009388556598,266.53634708955417,0.9235232067636352,0.8100212081507409,9,0.36744252209362166,10532.007885236006,35309.977539293526,0.29827285711286033,0.7902779423335313,0.9735438990216798,0.5246475198870385,0.4614147978263232,0.06412649679925847,9.765487976996392,0.2097220576664687,0.026456100978320105
47-Human-hcca1-idab2-porta1-sec1-cel10-soma-z-corr-1-7,17693.333908,44366.098052999994,9.186639999999999,1060.5307362759206,3247.5713610339412,3.062213333333333,12727.748948470116,1818.249849781445,447.93787572732793,477.6821097516776,195.7217724709388,231.72270154172801,0.9377321582342448,0.8446378847162445,7,0.39880302042481725,14445.76254696606,43305.567316724075,0.33357749227285344,0.8164522651344098,0.976095920470423,0.6010623145380745,0.5415172101335265,0.0521146258258587,9.17991592438905,0.1835477348655902,0.023904079529576943
48-human-hcca1-idab2-porta1-sec1-cel12-soma-z-corr-1-7,13929.878304,26330.529396,10.254000000000001,1321.2849561234175,4516.151980029842,3.418,7332.653879572294,1047.521982796042,363.590405645938,403.310478475444,170.06766683185938,207.117260174187,0.9652071628637908,0.8211177894533335,7,0.5290390517600514,9413.726323970157,25009.244439876584,0.3764098650241595,0.6757938668614917,0.9498192787447661,0.6392566506454682,0.5428245954290191,0.08157819569228884,9.080527152976234,0.32420613313850827,0.050180721255233866
49-human-hcca1-idab2-porta1-sec1-cel14soma-a-corr-1-7,14587.322841,32035.133693,9.933910000000001,1240.0817212585237,4106.286737209087,3.311303333333333,9485.622908513727,1580.9371514189545,436.32388176674436,491.6881137838244,187.17029856188165,222.61871255623075,0.934694724527792,0.8407662429302961,6,0.4553538930348674,10481.036103790913,30795.051971741475,0.34034805699982734,0.7185030603650101,0.9612899470580485,0.5930540065982126,0.5166961401844747,0.06880635847186814,9.729167730594721,0.28149693963498995,0.038710052941951484
5-human-hcca1-idab1-porta5-cel11-soma-corr1-7z,17789.389603,38990.879888999996,10.5862,1408.2833779820794,4969.456498664629,3.5287333333333333,10719.664051116053,974.5149137378227,687.3623557160776,726.0740368641591,209.98246427110146,257.7877129592161,0.9557761995747988,0.8145557515548547,11,0.45624488735938207,12819.93310433537,37582.59651101792,0.34111355506203545,0.7206505332916774,0.963881723572507,0.6169889067717157,0.5579891291774182,0.05021351530766121,10.344746730136809,0.2793494667083226,0.036118276427493
50-human-hcca1-idab2-porta1-sec1-cel15-soma-z-corr-1-7,18324.332973,36422.426022,10.7422,1450.094588307842,5192.402028840168,3.5807333333333338,10096.03960472134,1442.2913721030484,450.62030968432833,487.6248682748429,202.3449369352013,238.68770429561675,0.9324184417781436,0.8477392563321797,7,0.5031057777955723,13131.930944159833,34972.33143369216,0.3754948671082477,0.7166389610748224,0.9601867654990377,0.6434485640348251,0.5513072092662226,0.0771214978221204,9.536038031382942,0.28336103892517756,0.03981323450096243
51-human-hcca1-idab2-porta4-sec-1-cel1-soma-z-corr-1-7,19618.016523,28133.442631,11.1309,1556.9348008055579,5776.695191428862,3.7103,6424.427556282994,917.7753651832847,376.7827543086924,410.5304464281671,182.67454714785217,218.6650571880556,0.9395835802297856,0.8354080413989009,7,0.6973201531114103,13841.321331571136,26576.507830194445,0.5208103871286488,0.7055413229642093,0.9446589306105758,0.8281263833089368,0.6583905809879113,0.11418356224499192,7.1240898639824835,0.2944586770357907,0.05534106938942426
52-human-hcca-idab1-porta4-sec1-cel17-soma-z-corr-1-7,12290.851932,25409.149351,10.4116,1362.2123504817507,4727.603369425265,3.470533333333333,8077.912089905147,1009.7390112381433,423.381820818986,452.7326822479071,206.08966936271182,249.10331700265127,0.982748504855042,0.8273260743473697,8,0.4837175681174971,7563.248562574735,24046.93700051825,0.3145202468992926,0.6153559252376433,0.9463889037895659,0.5459208597978413,0.4737844194460421,0.07074244080141348,11.03437176953691,0.38464407476235674,0.05361109621043412
53-Human-hcca1-idab1-porta4-sec1-cel18-soma-z-corr-1-7,18412.460744,20512.059671,11.965,1799.0170109556616,7175.0795120281655,3.988333333333333,4390.572889599039,548.8216111998798,277.96593900052653,322.13011445538604,152.19873775287144,186.4382234063717,0.9914694791822231,0.8163494318497672,8,0.8976407556980532,11237.381231971834,18713.04266004434,0.6005106404190289,0.6103139275196401,0.9122946676340302,0.9026035250331572,0.67833362855469,0.141858830991162,6.641569798913676,0.3896860724803599,0.08770533236596988
54-human-idab2-hcca-porta4-cel4-S-soma-z-corr-1-7,26057.486559,44399.311825,11.6852,1715.8612404662815,6683.3939223655325,3.8950666666666662,10821.23118774043,1545.8901696772045,838.7325177181207,917.9077359669693,255.47438903918902,306.4896281979395,0.9657842039662752,0.8335498677110097,7,0.5868894243610273,19374.09263663447,42683.45058453372,0.4539017434465488,0.743513484800891,0.9613538775729374,0.7549138824434397,0.6277734973857156,0.09195164931167124,8.581299197246523,0.25648651519910903,0.038646122427062675
6-human-hcca1-idab1-porta5-sec1-cel2-soma-z-corr-1-7,16670.427924,29552.587919,11.044,1532.719419585669,5642.451089968044,3.681333333333333,7626.943514649209,762.6943514649208,284.3472633946035,349.5289024593796,160.2184534338111,202.8170032658786,0.9734874238176708,0.7899655889490496,10,0.5640936749665236,11027.976834031957,28019.868499414333,0.3935770374604885,0.6615293191217517,0.9481358646563657,0.6784185607645158,0.5847035011995612,0.07419319350596527,9.353526712550918,0.33847068087824833,0.05186413534363433
7-human-hcca1-idab1-porta4-sec1-cel11-soma-corr1-7z,12077.465846,27509.329576999997,7.914680000000001,787.1845923909597,2076.77138323496,2.6382266666666663,11383.114842202505,948.5929035168753,510.40209494301865,596.7440144218292,210.52693555360597,268.38372566156403,0.9497628795533516,0.7844251175612772,12,0.4390316315123044,10000.69446276504,26722.144984609036,0.3742474441525958,0.8280457664119351,0.9713848136434008,0.5288220854454251,0.373620184218042,0.17197986668472431,7.04941799306171,0.17195423358806491,0.028615186356599147
8-Human-hcca1-idab1-porta5-sec1-cel5-soma-z-corr-1-7,19208.384678,42141.366127999994,11.3345,1614.4128200381622,6099.520702907517,3.7781666666666673,13609.497340589964,1701.1871675737455,473.04807265693876,506.3575579013486,261.861730712999,305.1993022518797,0.9584898305459316,0.8580023898510936,8,0.4558083053040221,13108.863975092481,40526.953307961834,0.3234603863626024,0.682455302454792,0.9616905437964552,0.553715332796431,0.47393851411245136,0.07763004918820017,11.680461737998742,0.31754469754520803,0.038309456203544805
9-human-hcca1-idab1-porta-5-sec1-cel6-soma-z-corr-1-7,16573.433294,29243.385469999997,11.5375,1672.7586798625616,6433.1510896381005,3.845833333333333,8275.316048331932,919.4795609257702,404.7448639575306,431.84221903794594,203.68265738435053,241.49199891399175,0.956983687530532,0.8434343924449972,9,0.5667412656787716,10140.282204361898,27570.626790137438,0.3677929515911216,0.6118395642279464,0.9427987336972801,0.6245364493437511,0.5302518371702196,0.08164666482559683,10.456517224421358,0.38816043577205356,0.05720126630271997
h173-cel-10,7123.586872,10419.737618000001,11.4865,1658.0029458942859,6348.216946004907,3.8288333333333338,7210.088173839362,901.2610217299202,287.30671779283006,360.4980695860085,200.64980590970637,234.3593410526968,0.9747689684145808,0.8561630400923055,8,0.6836627881775131,775.3699259950927,8761.734672105715,0.08849502467400641,0.10884543698663449,0.8408786279771477,0.18501598484851997,0.19340587098295028,-0.022170722977921074,43.26608583293581,0.8911545630133655,0.15912137202285218
h173-cel-13,1683.6767309999998,3723.5782229999995,7.07057,628.2300650383733,1480.6482169861233,2.3568566666666664,3227.218425623952,537.8697376039919,237.5714371393254,271.546306346952,165.24142267535842,200.18415868854885,0.9391708618521724,0.8254470471484453,6,0.4521663384429993,203.02851401387647,3095.3481579616264,0.06559149525447129,0.12058639896584548,0.831283236872026,0.14151073980390566,0.1526515701628527,-0.037873072047217717,35.93235155751389,0.8794136010341546,0.16871676312797398
h173-cel-1,3461.025922,5070.326075999999,9.1289,1047.2413057492245,3186.7203853513647,3.0429666666666666,4016.20520197906,803.2410403958121,283.7051433756142,306.3150778104842,174.98305284632005,206.14813219672783,0.9317158627933017,0.8488219174323302,5,0.682604209299773,274.3055366486351,4023.084770250775,0.06818288758840559,0.0792555568292664,0.7934568132203053,0.14744647803680186,0.15942756793094542,-0.039042369504923166,44.62947778093398,0.9207444431707336,0.20654318677969472
h173-cel-2,3112.475257,5795.47224,8.61763,933.2232524379788,2680.7242323023665,2.872543333333333,4022.062858507952,574.5804083582789,278.5036414084703,319.64858885766535,209.81627334789317,242.53732865089847,0.9685686713198879,0.8650885804465049,7,0.5370529144316978,431.7510246976335,4862.248987562021,0.08879656837855966,0.1387162913911105,0.8389737343581894,0.18484909357661652,0.19240150841429948,-0.020019623024656742,32.349711095670244,0.8612837086088895,0.16102626564181055
h173-cel-3-12,2725.219215,7370.817609000001,7.997000000000001,803.6446466268332,2142.248746358262,2.665666666666666,5445.399870792065,777.9142672560092,297.7994236432002,355.44356146661784,167.06347651252563,213.41386389210237,0.9388472788996528,0.7828145438432693,7,0.36973092532806967,582.9704686417381,6567.172962373167,0.0887703844533845,0.21391690820062637,0.8909694026826064,0.1846007465314304,0.19194146690812353,-0.019495079474990965,30.0287836205832,0.7860830917993736,0.10903059731739362
h173-cel-4-11,2947.99881,6937.570414,8.451310000000001,897.5485062359605,2528.486888745679,2.8171033333333337,6028.697284785644,1205.7394569571288,307.2389508907431,408.0015915916316,221.33975876956143,269.9192221259553,0.9284213846832772,0.8200222163735907,5,0.4249324524405469,419.5119212543209,6040.0219077640395,0.06945536417923695,0.1423039656024559,0.8706249518671969,0.14882828534329254,0.15945390813202304,-0.03446719600942927,40.559910190140236,0.8576960343975442,0.12937504813280307
h173-cel-5,10547.058135,8262.988806,13.3424,2237.0607447261286,9949.253093477964,4.447466666666666,4734.628966503434,789.1048277505722,298.5016780522347,349.17615976327767,170.45647476561857,204.04266518135975,0.9308410031056248,0.8353962374198126,6,1.276421689854096,597.805041522035,6025.928061273871,0.09920547265804233,0.05667979012443692,0.7292673635111628,0.20047576293106087,0.20256206863368428,-0.005176451288762614,44.83086010785839,0.9433202098755631,0.27073263648883716
h173-cel-6,4764.650462,7301.328049,10.0328,1264.8941199630988,4230.143242255259,3.3442666666666665,4979.453940064315,829.9089900107193,258.7769473890594,293.13903019320253,177.94013537194286,210.829701732392,0.9516466600321518,0.8439993696799127,6,0.6525731250566906,534.5072197447407,6036.433929036901,0.08854685167241119,0.11218183243611476,0.8267583497859213,0.1848463978428254,0.19293848482539538,-0.02141982740393731,37.76832946064699,0.8878181675638852,0.17324165021407859
h173-cel-7,3971.1804899999997,6260.12117,9.49082,1131.9241805815695,3580.9628838490576,3.163606666666667,4752.226628487285,792.0377714145475,325.087521429059,397.17889176324167,204.58843444945762,244.44017375151324,0.9670977157436044,0.8369673090538422,6,0.6343616013426142,390.2176061509422,5128.196989418431,0.07609255396314159,0.09826236987554857,0.8191849406995474,0.16167018008524672,0.17174641779967526,-0.030221164088256713,41.575771897459035,0.9017376301244514,0.18081505930045272
h173-cel-8,4580.585293,7570.838490000001,9.86368,1222.6096312475065,4019.810055847801,3.287893333333334,5250.976869217068,875.1628115361781,302.5432574396961,336.8311263407925,192.0540992382832,225.73869018397002,0.9665323613089792,0.85078060425426,6,0.6050301164197731,560.7752371521992,6348.2288587524945,0.08833569955170117,0.12242436310686534,0.8385106705337328,0.18437389262658377,0.19241219832296205,-0.02133387056863165,37.22043692436028,0.8775756368931347,0.16148932946626712
h173-cel-9,2935.3103149999997,6479.834005,8.35158,876.4903827853756,2440.0265170208954,2.78386,4623.963528989337,770.6605881648894,260.6072896140858,298.78811024507337,175.41473478768063,204.71837710517121,0.9686424360744328,0.8568587601569533,6,0.452991590947398,495.2837979791043,5603.343622214624,0.0883907594057835,0.16873302813951524,0.8647356734587561,0.18464813449554224,0.19286480737291295,-0.02176527468622207,31.494921174054863,0.8312669718604848,0.1352643265412438
h184a-cel-10,4446.698106,5641.373337,9.89215,1229.677567299926,4054.7183157886548,3.2973833333333338,3654.904075371062,522.1291536244374,294.70696330799893,323.93472447216226,169.7899870157431,199.071769530746,0.96475945095265,0.8529084129606812,7,0.7882297164833074,391.97979021134506,4411.695769700074,0.08885014077885826,0.08815075385541478,0.782025139298111,0.18476466125772584,0.1921098815963005,-0.019489828851134833,37.11174011012868,0.9118492461445852,0.21797486070188907
h184a-cel-11,5906.980831,6609.340402000001,10.925,1499.8670186584732,5462.015726281274,3.641666666666668,4238.3660466918545,847.6732093383708,356.72591116990645,375.58874655453627,251.5704356497441,281.41541727530233,0.9497779537920984,0.8939468849485188,5,0.8937322745871183,444.96510471872625,5109.473383341528,0.0870862946794969,0.07532868608334346,0.7730685775838373,0.18280531125774793,0.1918659069548736,-0.024182790822175955,41.816759802091354,0.9246713139166566,0.22693142241616276
h184a-cel-12,4324.140291,5607.894314,9.792060000000001,1204.9193971718082,3932.8810107567247,3.2640199999999995,3645.2420690505573,520.7488670072223,272.307519706836,286.23350088996585,150.7145330782213,170.66863114762336,1.0,0.8830828024152702,7,0.7710809171643743,391.25928024327504,4402.974916828192,0.0888624822158037,0.09048255928643623,0.7851387116615679,0.18483925210704813,0.19223832301083718,-0.01962214512882631,36.73113690514839,0.9095174407135638,0.21486128833843215
h184a-cel-13,10913.50945,8390.819844,13.5297,2300.3091017324687,10374.164017903262,4.5099,5044.55296684135,420.3794139034458,305.7305496493421,338.8610397535655,178.64166048185814,212.07187764542763,0.9712487675083996,0.8423637422616548,12,1.3006487629220036,539.3454320967376,6090.510742267531,0.08855504159178879,0.049419981223064555,0.7258540709371392,0.18447912195772612,0.19215476514128382,-0.02037958730341204,50.92764814892457,0.9505800187769354,0.2741459290628608
h184a-cel-14,1463.825327,3423.64305,6.6121300000000005,549.4050299355906,1210.912493529339,2.2040433333333334,2378.570882853711,594.6427207134277,285.3330346182237,299.89969850316027,161.3960608231189,187.42663317977173,0.9798874599700242,0.8611159368600223,4,0.4275636524082147,252.9128334706611,2874.2380200644093,0.08799300256455224,0.17277528186302593,0.8395261941995995,0.1839723043438591,0.19232102428122066,-0.022186733864951957,25.047938689402407,0.8272247181369741,0.16047380580040044
h184a-cel-1,4689.970737,5991.772288,10.0663,1273.3553067402033,4272.658841412971,3.355433333333334,3895.297411644895,973.8243529112236,225.50914970350982,263.4156717066014,164.17943667940168,196.34609202928462,0.9337386564971472,0.8361736919872825,4,0.7827351427210979,417.31189558702863,4718.416981259797,0.08844319975205078,0.0889796373983279,0.7874826936780607,0.18466523149346292,0.19278614872673422,-0.021515134554637806,37.938850502245984,0.9110203626016721,0.21251730632193933
h184a-cel-2,4390.012632999999,7079.981577,9.74349,1192.9959011739222,3874.6478777096995,3.24783,4865.112623341558,1216.2781558353895,299.0748868130225,370.4844123475394,196.65920428732028,236.5193519413569,0.9296876226782588,0.8314719394972822,4,0.6200598949665882,515.3647552902999,5886.985675826078,0.08754306255688019,0.11739482283405536,0.8314973156075033,0.18362676021269797,0.1925840042682037,-0.023809111543804475,37.09979871779967,0.8826051771659447,0.16850268439249674
h184a-cel-3,5247.055286,10914.748768000001,10.0993,1281.7177840478137,4314.817472144694,3.366433333333333,7556.49382056903,1259.4156367615049,317.12067482269265,334.77648709375774,213.5247915077748,241.6909032219912,0.9878513103033612,0.8834622596931335,6,0.48073074310087494,932.2378138553058,9633.030983952187,0.09677512876355687,0.17766876143704233,0.8825701066243896,0.1981655949010553,0.20289098812998485,-0.01178236046698637,34.7861416083287,0.8223312385629576,0.11742989337561027
h184a-cel-5,1550.873234,4106.165967,6.6261600000000005,551.739022271509,1218.6370132715276,2.20872,2861.1710322673944,572.2342064534788,381.9285864166522,414.59132543203344,189.5455457220489,225.63521321252048,0.9997694626353624,0.8400530352659115,5,0.3776937528740664,332.2362207284723,3554.426944728491,0.09347110684640912,0.21422525932153158,0.865631582672092,0.192254557111777,0.19771786157930518,-0.0140094637612204,23.6299758772446,0.7857747406784684,0.13436841732790802
h184a-cel-6,2455.377453,4952.824812,7.92732,789.7009186339261,2086.737295435032,2.64244,3446.2092358985797,492.31560512836853,310.7383389606117,389.6356013921446,190.0869765996784,249.12935218289962,0.8952772546199341,0.7630051414420449,7,0.49575293821234395,368.6401575649679,4163.123893366073,0.08854892792222567,0.15013584046500075,0.8405554509578873,0.18452514877915216,0.1922639343633535,-0.020538773362694426,29.841580942921286,0.8498641595349993,0.1594445490421126
h184a-cel-7,6410.538852000001,7180.422568999999,11.2191,1581.7065102065255,5915.107836219345,3.7397,4629.860572772301,771.6434287953833,280.21727613486723,331.8092534433809,190.53304637490731,219.61574111148238,0.9790734210733361,0.8675746347261515,6,0.892780165846532,495.4310157806558,5598.716058793474,0.0884901128362315,0.07728383326560576,0.7797195784778436,0.1845579268745747,0.19246007989208166,-0.020959616982956883,42.26121857162796,0.9227161667343943,0.22028042152215646
h184a-cel-8,2213.949064,5400.571879,7.546819999999999,715.7112560370148,1800.4480070950876,2.5156066666666668,3872.3795557760254,968.0948889440067,259.0591874885394,297.6205140029433,167.7800956609585,207.25835838859882,0.9542948673810177,0.8095214927176999,4,0.40994715256154446,413.5010569049123,4684.860622962985,0.08826325694261307,0.18677080861012632,0.8674749133846285,0.18436327587652238,0.19254794503007158,-0.021715111409690638,28.50117652357041,0.8132291913898737,0.13252508661537152
h184a-cel-9,4735.218522,8404.481558,9.92874,1238.791281910489,4099.878850785316,3.3095800000000004,5889.787830056431,1177.9575660112864,368.37409067112435,398.0650081111448,220.67499067070625,246.85459095267976,0.9582894032060526,0.8939472821593504,5,0.5634158977352592,635.3396712146841,7165.69027608951,0.08866412679524914,0.1341732526731074,0.8526034862041767,0.18530119729872793,0.19363261649006583,-0.021986475970660082,37.327159468256745,0.8658267473268926,0.14739651379582325
h184b-cel-10,9672.072048,10691.013767,12.8614,2078.6738601576417,8911.5519950105,4.287133333333334,7094.264539979954,1182.3774233299926,318.20274361552015,346.847314708468,229.63044753615083,259.5557020917242,0.9988290173627152,0.8847058480533858,6,0.9046917587792122,760.5200529894992,8612.339906842359,0.08830585662152964,0.0786305198322794,0.8055681242714425,0.18472543973640518,0.1932119192957848,-0.0224547252515907,48.5486863199524,0.9213694801677206,0.19443187572855752
h184b-cel-11,6663.191493,6803.498765,11.4037,1634.1857961007593,6211.921520998076,3.801233333333333,4292.692806202208,715.4488010337013,319.2140852155493,353.5424023699484,192.28399048601173,217.309863464273,0.964984959461673,0.8848378413234076,6,0.9793771885839389,451.26997200192454,5169.312968899241,0.08729786234978502,0.06772579963760686,0.7598021470206353,0.18292723771401467,0.19165632122584286,-0.02330343471703123,43.54325788760501,0.9322742003623932,0.2401978529793647
h184b-cel-12,5832.0041,6478.854903,10.8774,1486.8257116171856,5390.932665181592,3.6258,4128.443390912579,825.6886781825157,282.6044681175441,313.9540846690772,177.77728832362038,199.93582720557168,0.9831720408095882,0.8891717447960533,5,0.9001597021874221,441.0714348184083,4992.029191382815,0.08835513934489424,0.07562947955033301,0.7705110341445186,0.18441080467500715,0.19244689744722143,-0.02132394462673843,41.03666212156252,0.9243705204496669,0.22948896585548142
h184b-cel-1,7510.493622,10663.566663,11.700999999999999,1720.504539038374,6710.541203762671,3.9003333333333328,7300.6581664272135,1825.1645416068036,374.3390461719014,483.6396119345964,208.6430887906765,289.51594865858175,0.956335863182058,0.7206618141673556,4,0.7043134684063633,799.9524182373289,8943.062123961625,0.08944949807448765,0.10651129719278109,0.8386558087541095,0.18675667549132333,0.19495948323559786,-0.021489286101044534,43.60374755915782,0.8934887028072189,0.16134419124589047
h184b-cel-2,5237.934438,10818.377219,10.1452,1293.394738994334,4373.916102015105,3.381733333333333,7698.322749536708,1539.6645499073416,435.17979008681,456.1181968635677,249.6894402398792,289.3315804414447,0.9669063666256764,0.8629871646189403,5,0.48417006839073506,864.0183359848952,9524.982480005667,0.0907107533056986,0.16495401884312305,0.8804446625578204,0.18901161189301036,0.19691926330937906,-0.020489812877038622,37.28040182773884,0.8350459811568769,0.11955533744217964
h184b-cel-3,8711.563714,6732.434241,12.5552,1980.8752901753528,8290.095147736529,4.185066666666667,3915.704492449579,652.6174154082631,274.2787419761145,294.11598068649164,164.45818882059737,189.9921031617794,0.9637955830233472,0.8656053914017692,6,1.2939693730608248,421.4685662634711,4751.558950824647,0.08870111275591434,0.048380357430681024,0.7057713125347772,0.18509841670832716,0.19312848961776458,-0.0212308346527685,47.181670405680656,0.951619642569319,0.2942286874652227
h184b-cel-4,5671.39996,9743.936401,10.5566,1400.4190054675714,4927.88775770632,3.5188666666666664,6834.86314355829,1708.7157858895725,330.6150115735488,385.95967411651907,261.8947792423375,309.3273379498732,0.9660332970042972,0.8466590149389831,4,0.5820440247760602,743.5122022936794,8343.51739553243,0.08911256093165168,0.1310985307926827,0.8562778996254687,0.18608193023946878,0.1942850951629852,-0.021566446026274,39.48788621803381,0.8689014692073173,0.14372210037453131
h184b-cel-5,6626.418995,8414.364408,11.2889,1601.449012317728,6026.199251717866,3.7629666666666655,5620.275661146832,1405.068915286708,361.7295319864154,385.8027917188662,226.88372037016086,262.6959489505651,0.9753098483414246,0.863674225950308,4,0.7875127191662746,600.219743282134,6812.915395682272,0.0881002784303658,0.0905798054326225,0.8096767700249419,0.18437472834082116,0.1929281101967254,-0.022669805212857053,42.71231298821493,0.9094201945673774,0.19032322997505816
h184b-cel-6,6371.655760000001,6251.698678,11.2509,1590.6857600635337,5965.548805966271,3.7503,3864.0133769764757,772.8026753952953,342.9816823259095,352.45159276004836,188.17178849389003,214.73761675194018,0.9734795614264918,0.8762870303774565,5,1.0191879180649148,406.1069540337294,4661.012917936466,0.08712847640283349,0.0637364869243547,0.7455594324049516,0.18290516357163916,0.1919825770078548,-0.02421368440105281,43.043332729252654,0.9362635130756453,0.2544405675950484
h184b-cel-8,4199.962009000001,8760.004724,9.44439,1120.8763075690129,3528.6643301472363,3.14813,6307.714220546545,1261.5428441093093,346.14804506164705,360.1831586528645,221.805512166921,247.54983792102703,0.9712460461580288,0.8960034635033008,5,0.4794474593710277,671.2976788527644,7639.128416430987,0.08787621339220734,0.15983422645591944,0.8720461526124386,0.1840545813325984,0.19274891123450552,-0.023073910070933814,35.82459778904366,0.8401657735440806,0.12795384738756138
h184b-cel-9,6356.404669,9617.056932,11.0451,1533.0247573845206,5644.137249262588,3.6816999999999993,6661.6589096750085,1332.3317819350016,372.5360272659694,436.7470866222772,197.1922486167005,226.801640940097,0.9644423738859782,0.8694480683620056,5,0.6609511323417004,712.2674197374117,8084.032174615479,0.08810793974496905,0.11205507780382819,0.8405931494193923,0.18448259855133003,0.19313712967732016,-0.022918641371273314,41.78624549225399,0.8879449221961718,0.1594068505806076
h184c-cel-10,3469.9034049999996,5438.749657,9.023769999999999,1023.259767255656,3077.886929989525,3.0079233333333337,3640.2365818780736,455.0295727347592,272.1481630982979,301.7664917616873,177.5374060064669,199.5141295170651,0.9891152645076828,0.8898487863301009,8,0.6379965293188341,392.01647501047455,4415.4898897443445,0.08878210228065365,0.11297619249158165,0.8118575349503983,0.18514518346415693,0.19304982693255027,-0.020900972384859797,33.87983902233846,0.8870238075084184,0.18814246504960175
h184c-cel-2,5368.385469,8606.955386,10.4155,1363.2330626056971,4732.917987856547,3.471833333333333,5985.233927668304,997.5389879447174,362.3920383292718,417.1483873265188,206.58974657595985,242.30247528969213,0.9921868314419494,0.8526109621000163,6,0.6237264198827114,635.4674811434525,7243.722323394302,0.08772664836849815,0.11837217815542309,0.8416126258975246,0.1838362552027393,0.19261974186570227,-0.02333204074675981,39.575583906383876,0.8816278218445769,0.15838737410247536
h184c-cel-6,6890.626097,10439.54272,11.3344,1614.3843334582807,6099.359263049845,3.778133333333334,7201.1648065081445,1028.7378295011636,369.38100032351423,419.79181384995564,229.4161485362207,269.10330302718774,0.976412871229116,0.8525207455853584,7,0.6600505675214097,791.2668339501552,8825.15838654172,0.08966035500924599,0.11483235671351436,0.8453587118940129,0.18701875855280667,0.1950472761736566,-0.021013429331916102,42.13828210856095,0.8851676432864857,0.15464128810598715
h184c-cel-7,5056.378989,13990.198776,9.74145,1192.4963970199478,3872.214675583323,3.2471499999999995,10231.84923314191,1136.8721370157675,427.795073811957,517.2317860431789,233.78540261663608,271.1472624429201,0.9745657719156936,0.8622082351498971,9,0.3614229554532242,1184.164313416677,12797.702378980051,0.09252944617321632,0.23419215924929496,0.9147620118832293,0.19193491379770422,0.1990664197079979,-0.018239083346220052,35.093152875045774,0.7658078407507051,0.08523798811677069
h184c-cel-9,7204.4459209999995,10287.295454000001,11.5434,1674.4699344092887,6443.02541362006,3.8478,7088.679140228749,1181.4465233714582,311.61651464580626,380.10497326605315,216.294242426738,247.11172334327446,0.995253064760095,0.8752892800892069,6,0.7003245851365822,761.4205073799394,8612.825519590711,0.08840542579761011,0.10568758732167037,0.8372293338033557,0.1849075689905863,0.19337506019304032,-0.022384033918574978,43.5244778845239,0.8943124126783296,0.16277066619664413
h189a-cel-10,4495.743181,5581.070203,10.0178,1261.1146709034945,4211.198183392342,3.339266666666666,4500.392600293542,900.0785200587085,297.6937367497005,337.43954609627787,169.47302788892756,195.2794871322141,0.9371291842437856,0.8678485916658812,5,0.8055342465650042,284.54499760765793,4319.9555320965055,0.06586757560200306,0.06329209346526014,0.7740371245956366,0.14186502540768303,0.15277384395874533,-0.037024370119665084,50.69666882600607,0.9367079065347399,0.22596287540436344
h189a-cel-12,1589.8759,4464.799193,6.8166899999999995,583.9248427146873,1326.8115453615942,2.2722300000000004,4004.1727205921748,364.0157018720158,234.48613988890685,287.7219384550443,151.26429177849428,173.1073202479966,0.9851645211840117,0.8738179966149924,11,0.3560912442585635,263.0643546384058,3880.8743502853126,0.06778481622809199,0.16546219402307175,0.8692158779211894,0.1446104457634178,0.15425416920454665,-0.032267866311850156,33.52122387341256,0.8345378059769283,0.13078412207881066
h189a-cel-13,6368.62158,6399.6740310000005,11.2375,1586.898952639953,5944.2589934304915,3.7458333333333336,3991.770428405448,570.2529183436352,299.70690041364674,345.1139774819995,153.69055838242085,189.80503726080292,0.9458421017674008,0.8097285541017609,7,0.995147807396192,424.3625865695085,4812.775078360048,0.08817419880633814,0.0666333493423719,0.7520344091038045,0.18395467495984366,0.19188902704919897,-0.021110775694638113,42.48219302293309,0.9333666506576281,0.24796559089619558
h189a-cel-14,3319.0837,6724.36552,8.75943,964.187632935759,2815.244692522159,2.9198100000000005,4775.51319477295,795.9188657954917,332.08360557077924,397.83272683003685,194.80044538063584,227.45691510724632,0.9471785127858839,0.8564278878432301,6,0.4935906131408514,503.8390074778413,5760.177887064241,0.08746934857850895,0.1518006332524369,0.8566128462130715,0.18325715197766945,0.1919711550202282,-0.023223202727633188,33.3809505552599,0.8481993667475631,0.14338715378692843
h189a-cel-15,2168.726463,4475.465064999999,7.59581,725.0334602901578,1835.7388026688607,2.5319366666666663,3093.001675884013,386.6252094855016,274.8079403874641,302.9065225470736,146.49078473032284,171.0415327246494,0.9885530260165518,0.8564632367166082,8,0.4845812516693168,332.9876603311393,3750.431604709842,0.08878649057696958,0.15354064517224425,0.837998185717006,0.18511817323922458,0.19298396547006083,-0.02080335291857232,28.517138702218602,0.8464593548277557,0.16200181428299404
h189a-cel-19,2477.032491,4704.994475,7.98464,801.1623728555946,2132.331042932565,2.6615466666666667,3234.900661136072,646.9801322272143,223.8090113864448,262.65378375380834,142.1570425447432,170.0417803325879,0.9545098321027194,0.8360124333366517,5,0.5264687353325743,344.70144806743474,3903.832102144406,0.08829822570445268,0.13915903377120245,0.8297208685126894,0.18416883599693645,0.19206592138100043,-0.02098978159035732,30.14269704099446,0.8608409662287976,0.17027913148731053
h189a-cel-1,2628.031887,5900.565539,8.08352,821.1280695525879,2212.5350575965786,2.694506666666667,4442.826899506909,888.5653799013818,317.09491342849105,373.560341607827,175.48155119277493,214.9023600131517,0.919638969623622,0.8165640953502591,5,0.4453864412876916,415.49682940342154,5079.437469447412,0.0817997724950088,0.15810189802442892,0.8608390900625859,0.17253580097811136,0.18196017978518733,-0.026585291000432373,32.94027091372507,0.841898101975571,0.13916090993741403
h189a-cel-20,4888.636286,6313.100409000001,10.1997,1307.3282936607418,4444.785465617156,3.3999,4146.77892112404,460.7532134582265,276.29001178311006,360.7044563872048,171.33463843844999,201.77015906743873,0.9581995708266472,0.8491574731880142,9,0.7743637783791186,443.8508203828442,5005.772115339259,0.08866780391834975,0.09079235893534096,0.7929181845742537,0.18458148513821535,0.1921234267130551,-0.020020820906676798,38.34424503318947,0.909207641064659,0.20708181542574633
h189a-cel-21,7611.287227,5920.799222,12.0078,1811.910557584717,7252.353197788587,4.002599999999998,3405.6452239818555,486.52074628312215,351.12569344894143,388.0220587344851,152.5213376671417,178.74532952391255,0.9471826192781306,0.853288519892417,7,1.285516860412802,358.93402921141296,4108.888664415283,0.08735550133541796,0.047158124310188114,0.6939753419011111,0.18316086193206355,0.1920193967800776,-0.02361140982849741,45.81966720826499,0.9528418756898119,0.30602465809888885
h189a-cel-2,3853.8400490000004,5616.496903,9.382489999999999,1106.231661925464,3459.7358352330157,3.1274966666666666,3755.0228643083,751.0045728616599,334.3622764142045,372.3294961539468,162.98430603125198,188.45026516718625,0.9938082976971564,0.8648664191937231,5,0.6861643682099259,394.1042137669847,4510.265241074536,0.08737938739786674,0.10226273243209649,0.8030388548181019,0.18277816375446204,0.19116554910905997,-0.022429539703637348,35.79215601988783,0.8977372675679035,0.1969611451818981
h189a-cel-3,11098.365436,9240.375444,13.58,2317.444829765907,10490.300262740338,4.526666666666666,5703.653411739454,1425.9133529348635,339.81103954992403,383.9665734592997,193.75161656314663,226.341527794401,0.9281913953018346,0.8560144417649347,4,1.2010729978733103,608.0651732596616,6922.930614234092,0.08783349236657545,0.054788714317089246,0.749204472933978,0.1842143953895309,0.1931776965391632,-0.023750633204380568,51.5369085835105,0.9452112856829108,0.250795527066022
h189a-cel-4,6051.403196,7150.399332999999,10.9894,1517.6017786675934,5559.177662163216,3.6631333333333336,4676.9994708669265,779.4999118111547,306.1310044372797,377.12077637577215,189.5643470206997,237.86687732308187,0.9599038596615272,0.7969346096187432,6,0.8463028306785618,492.22553383678405,5632.797554332406,0.08738562483187311,0.081340726752788,0.7877598567588151,0.18303050273155635,0.19168006748603905,-0.0230833220142679,41.919175383606564,0.918659273247212,0.21224014324118498
h189a-cel-5,2979.9100510000003,4828.544522,8.56695,922.2790178766037,2633.706077399324,2.85565,3230.466804498148,807.6167011245369,286.40192292572965,323.2117657342655,164.5134560691015,190.6883373293845,0.9761295193380368,0.8627347554293792,4,0.6171445737784584,346.20397360067636,3906.2655041233966,0.0886278654728483,0.11617933685095529,0.8089944053172793,0.18469640677497504,0.19244942035774118,-0.020557071098225056,32.220678956494176,0.8838206631490447,0.19100559468272077
h189a-cel-6,2549.227593,4777.610636,8.06557,817.4853782246454,2197.8285140157845,2.6885233333333334,3261.4710033354622,652.2942006670924,310.3257129927271,402.8015997259191,176.05646493231288,223.7072804559436,0.9401011416427576,0.7869947932561143,5,0.5335779298947458,351.3990789842155,3960.125257775355,0.08873433442396161,0.1378453143803765,0.8288924233245856,0.18519046076457849,0.19324823350980028,-0.02129214815274592,30.29856876468925,0.8621546856196235,0.1711075766754144
h189a-cel-7,3456.127629,3819.692814,9.15033,1052.1638534413041,3209.2154910198547,3.05011,2282.391272168887,285.2989090211109,225.63056643795207,258.0091905835492,135.34454677938817,151.57746227368838,0.9731293827076812,0.8929067999239225,8,0.9048182137402634,246.91213798014542,2767.528960558696,0.08921754442284136,0.0714418460442062,0.7245422852893049,0.18556720850517086,0.1929844017517339,-0.019593611665076116,34.187334113839555,0.9285581539557938,0.2754577147106951
h189a-cel-8,4904.879022,6376.516505,10.2129,1310.7142559785366,4462.064541627733,3.4043,4200.8655376876895,840.1731075375377,347.5556976946285,497.51681798744784,166.68359319731908,225.83176439759308,0.9581864974383962,0.7380874592285459,5,0.7692098057229133,442.8144803722671,5065.802249021463,0.08741250814869521,0.09028040821926456,0.7944466614411222,0.18317516034371267,0.19192413121168225,-0.02332441320187758,38.94522731471143,0.9097195917807355,0.20555333855887772
h189a-cel-9,3465.3868939999998,5189.157114,9.04149,1027.2824686682684,3096.054722546486,3.01383,3442.6544453975657,688.5308890795133,290.1310382300461,310.49848683821966,159.82021898019212,189.31498091113917,0.9769881898140308,0.8442027049893566,5,0.6678130605547897,369.33217145351364,4161.874645331731,0.0887417817515922,0.10657747107342574,0.802032883934709,0.18479359610169624,0.1924047077158452,-0.02017801124002564,33.96179274872319,0.8934225289265743,0.197967116065291
h189a-cel17,7712.377449,9486.193870000001,11.8845,1774.8910276503052,7031.230806036685,3.9615,6352.574479696988,705.8416088552208,353.84466224602005,428.4188715141796,206.23815340738324,243.6240522468251,0.9623159837003684,0.8465426607321811,9,0.8130107348312078,681.1466429633147,7711.302842349696,0.08833094185103535,0.08831863423017935,0.8128974537128763,0.184744063207593,0.19319599777397292,-0.022363161355345586,44.84838400886547,0.9116813657698206,0.1871025462871238
h189b-cel-10,7331.031098,9280.094839,11.7388,1731.6386505247938,6775.786596926817,3.912933333333333,7185.511833628338,1437.102366725667,374.04542595489363,410.2266164109805,216.2001685529065,253.10757470942414,0.9678484510194212,0.8541829251894631,5,0.7899737260432971,555.2445010731835,7548.456188475206,0.07355735891014602,0.07573893680858364,0.8134029144564873,0.1568333222155329,0.16719395123475853,-0.031974558526830434,53.19567465864532,0.9242610631914163,0.18659708554351273
h189b-cel-11,1556.6711070000001,3655.309992,6.74552,571.7954992340682,1285.685991997797,2.2485066666666667,2558.689700560025,232.6081545963659,203.39283506445247,272.2041927504221,127.79619040941652,151.99693419824678,0.9704713873480524,0.8407813689369176,11,0.4258656886575764,270.9851150022032,3083.5144927659317,0.08788190087575294,0.17407987710675946,0.8435712701561568,0.18360688863597874,0.1917999566386591,-0.02182450348417733,25.585548836108995,0.8259201228932406,0.15642872984384307
h189b-cel-12,12304.853329000001,7644.399859,14.1464,2514.790041355501,11858.408613677157,4.715466666666667,4255.779173603923,851.1558347207844,314.9694862998637,354.14784297020265,165.44363164579656,202.43604579605326,0.9583444337358932,0.8172636992350403,5,1.6096558992153056,446.4447153228448,5129.609817644499,0.08703287992532945,0.036282002181258564,0.671028453804028,0.18273400147379068,0.19183390991583885,-0.024294415419323905,54.18028991700998,0.9637179978187415,0.32897154619597213
h189b-cel-13,5601.8576570000005,7018.564570999999,10.6883,1435.5791239740313,5114.633450257215,3.562766666666666,4630.136150846137,771.689358474356,352.94326747447036,387.6504368297036,201.43601721289318,225.2896847475976,0.971547003305242,0.8941200190260431,6,0.7981486243136255,487.2242067427851,5582.985447025968,0.08726947461457692,0.08697547074120257,0.7954597254963359,0.18301749693093405,0.19190790554656098,-0.023712473353044074,40.82488960087729,0.9130245292587974,0.2045402745036641
h189b-cel-15,6373.93373,4806.110729999999,11.3288,1612.789486103439,6090.323176722878,3.7762666666666664,2637.1859720899647,527.4371944179928,307.2617150646081,333.10278961181274,165.8575132494361,184.95761124918386,0.9540444226549236,0.8967325655281352,5,1.3262144981832327,283.61055327712165,3193.32124389656,0.08881366189486588,0.0444953721345204,0.664429394845957,0.1850188080356719,0.19271786905635782,-0.020382084895637958,42.51898397272328,0.9555046278654796,0.33557060515404297
h189b-cel-16,7304.191509,6614.445457,11.7977,1749.0594082225243,6878.292726795627,3.9325666666666654,4033.609384066845,576.2299120095493,317.6987040857702,348.53978030313294,168.63331598652218,198.71971973948501,0.9703268966443204,0.8485988014052902,7,1.1042787421083122,425.8987822043737,4865.3860487774755,0.08753648280620799,0.058308819214227106,0.7355697587056957,0.1833290734193776,0.19197452355501762,-0.023035884029189987,44.92488777933596,0.9416911807857729,0.2644302412943042
h189b-cel-17,5545.181561,5303.547003,10.7499,1452.1741865507247,5203.575762667212,3.5833000000000004,3181.1132545358614,636.2226509071722,281.84942217038133,303.120567134177,162.62235088190434,190.44140532960557,0.9577277385950844,0.8539232873252878,5,1.045560934571395,341.60579833278825,3851.372816449275,0.08869715153874079,0.06160407816677226,0.7261881179276267,0.18488348330530083,0.19268883952925825,-0.02067247981885975,40.399268046786155,0.9383959218332277,0.2738118820723733
h189b-cel-3,7300.067651,6931.633040000001,11.7793,1743.6079055349887,6846.160200556097,3.926433333333333,4304.789777498434,860.9579554996867,303.62317235166506,340.10390330828807,171.88015556957916,200.45263115071853,0.9796438169274542,0.8574602118360025,5,1.0531526422235415,453.90745044390314,5188.025134465011,0.08749137459425782,0.06217852657594544,0.7484564033506613,0.18320306933562508,0.19180956276915476,-0.022949876075441085,44.8779477010415,0.9378214734240545,0.25154359664933856
h189b-cel-4,8922.679064,9049.210254000001,12.5604,1982.5164722519235,8300.399966024352,4.186799999999999,5814.727104504962,1453.6817761262405,375.3404494736893,415.46080514452757,208.9703556744486,248.77167417398064,0.9506381567121152,0.8400086399237855,4,0.9860174328534281,622.2790979756483,7066.6937817480775,0.08805802503893355,0.06974128437347192,0.7809182882698966,0.18456655317573653,0.1934225332450434,-0.023429195147312648,47.54592211384332,0.9302587156265281,0.21908171173010332
h189b-cel-5,2692.3535269999998,5558.116864,8.15733,836.1918447041753,2273.69760685357,2.7191099999999997,3892.3404960697444,648.723416011624,290.16772387324164,339.44944093043665,148.9330213368581,186.66372443006213,0.9303199008214336,0.7978680474291041,6,0.48440030911160054,418.6559201464297,4721.925019295824,0.08866212793206603,0.15549812309118413,0.8495548285211126,0.18503260782154332,0.19307604473171397,-0.02127281895258325,30.668224002963406,0.8445018769088158,0.1504451714788873
h189b-cel-6,9744.916201,7266.743828,13.0439,2138.0841072810417,9296.318428987726,4.347966666666666,4251.033347326363,850.2066694652725,336.89093301014265,358.37457810987837,168.70495263537128,198.32640932206687,0.9486557208869656,0.850642903343283,5,1.3410292741366747,448.5977720122737,5128.659720718958,0.08746881182231901,0.04603403074582003,0.7057713663934815,0.18327632329812116,0.1920125012668022,-0.02327854547443289,49.7087656283587,0.95396596925418,0.2942286336065185
h189b-cel-7,5207.756077,5818.7125590000005,10.4745,1378.7212400516016,4813.805209640167,3.4915,3664.9488343143958,407.216537146044,306.1036029044924,315.7742833011127,180.60164849314862,201.72799970351346,0.9941966250221408,0.8952730843441916,9,0.8950014327387571,393.95086735983296,4439.991318948399,0.08872784630874893,0.0756469507279177,0.7630539013447079,0.1849746167582365,0.1928121230723633,-0.020745848087842234,39.35066774697228,0.9243530492720823,0.23694609865529215
h189b-cel-8,7234.248911,4491.260489,11.9339,1789.6769832372534,7119.275383418352,3.977966666666666,3554.8584042467987,507.83691489239976,298.60879984428533,318.0663918451475,166.66178447497296,186.33207753240632,0.9721839155853208,0.8944342095149325,7,1.6107391073659898,114.97352758164743,2701.583505762747,0.042557828524048005,0.015892946039888816,0.601520110530099,0.1014642007006413,0.12095288200621734,-0.08762223237709553,93.47203098999401,0.9841070539601112,0.3984798894699009
